{"cameraMode":{"drawMode":0,"name":"Shaded","section":"Shading Mode"},"sceneLighting":false,"audioPlay":false,"sceneViewState":{"showFog":true,"showMaterialUpdate":false,"showSkybox":false,"showFlares":true,"showImageEffects":true,"showParticleSystems":true},"in2DMode":false,"pivot":{"x":-0.5644225478172302,"y":-1.0720179080963135,"z":-0.5790677070617676},"rotation":{"x":0.5135526657104492,"y":-0.014156033284962178,"z":0.008475236594676972,"w":0.8579062223434448},"size":5.899369716644287,"orthographic":false}