{"cameraMode":{"drawMode":0,"name":"Shaded","section":"Shading Mode"},"sceneLighting":false,"audioPlay":false,"sceneViewState":{"showFog":true,"showMaterialUpdate":false,"showSkybox":false,"showFlares":true,"showImageEffects":true,"showParticleSystems":true},"in2DMode":false,"pivot":{"x":0.9562956094741821,"y":-3.44921875,"z":-6.87481689453125},"rotation":{"x":0.698570966720581,"y":-2.3608808241704084e-9,"z":-9.211456597491008e-10,"w":0.7155407071113586},"size":14.086662292480469,"orthographic":true}