{"cameraMode":{"drawMode":0,"name":"Shaded","section":"Shading Mode"},"sceneLighting":false,"audioPlay":false,"sceneViewState":{"showFog":true,"showMaterialUpdate":false,"showSkybox":false,"showFlares":true,"showImageEffects":true,"showParticleSystems":true},"in2DMode":false,"pivot":{"x":30.79937744140625,"y":-22.456527709960939,"z":460.97149658203127},"rotation":{"x":-0.10214503854513169,"y":0.10483857989311218,"z":-0.01082673855125904,"w":-0.9891729950904846},"size":935.5234375,"orthographic":false}