{"cameraMode":{"drawMode":0,"name":"Shaded","section":"Shading Mode"},"sceneLighting":false,"audioPlay":false,"sceneViewState":{"showFog":true,"showMaterialUpdate":false,"showSkybox":false,"showFlares":true,"showImageEffects":true,"showParticleSystems":true},"in2DMode":false,"pivot":{"x":-1.787797212600708,"y":-0.03951454162597656,"z":-0.8654675483703613},"rotation":{"x":-0.7087771892547607,"y":0.006769843399524689,"z":-0.0068025351502001289,"w":-0.7053666114807129},"size":22.901180267333986,"orthographic":false}