{"cameraMode":{"drawMode":0,"name":"Shaded","section":"Shading Mode"},"sceneLighting":false,"audioPlay":false,"sceneViewState":{"showFog":true,"showMaterialUpdate":false,"showSkybox":false,"showFlares":true,"showImageEffects":true,"showParticleSystems":true},"in2DMode":false,"pivot":{"x":-3.7315876483917238,"y":-1.2468862533569337,"z":-4.812087059020996},"rotation":{"x":0.10896356403827667,"y":0.147054985165596,"z":-0.016299590468406678,"w":0.9829794764518738},"size":11.486617088317871,"orthographic":false}