{"cameraMode":{"drawMode":0,"name":"Shaded","section":"Shading Mode"},"sceneLighting":false,"audioPlay":false,"sceneViewState":{"showFog":true,"showMaterialUpdate":false,"showSkybox":false,"showFlares":true,"showImageEffects":true,"showParticleSystems":true},"in2DMode":false,"pivot":{"x":-0.99767005443573,"y":1.6685094833374024,"z":-55.62532043457031},"rotation":{"x":0.6588079333305359,"y":0.014666924253106118,"z":-0.012848292477428913,"w":0.752060055732727},"size":25.586795806884767,"orthographic":false}