{"cameraMode":{"drawMode":0,"name":"Shaded","section":"Shading Mode"},"sceneLighting":false,"audioPlay":false,"sceneViewState":{"showFog":true,"showMaterialUpdate":false,"showSkybox":false,"showFlares":true,"showImageEffects":true,"showParticleSystems":true},"in2DMode":false,"pivot":{"x":-0.18682372570037843,"y":-0.7429927587509155,"z":-1.7065919637680054},"rotation":{"x":-0.16593678295612336,"y":0.8333931565284729,"z":-0.3906257152557373,"w":-0.35402336716651919},"size":14.987441062927246,"orthographic":false}