{"cameraMode":{"drawMode":0,"name":"Shaded","section":"Shading Mode"},"sceneLighting":false,"audioPlay":false,"sceneViewState":{"showFog":true,"showMaterialUpdate":false,"showSkybox":false,"showFlares":true,"showImageEffects":true,"showParticleSystems":true},"in2DMode":false,"pivot":{"x":-0.3213132917881012,"y":0.5864293575286865,"z":-1.4934134483337403},"rotation":{"x":0.3422970175743103,"y":0.025929925963282586,"z":-0.009449527598917485,"w":0.9391865134239197},"size":7.744317054748535,"orthographic":false}