{"cameraMode":{"drawMode":0,"name":"Shaded","section":"Shading Mode"},"sceneLighting":false,"audioPlay":false,"sceneViewState":{"showFog":true,"showMaterialUpdate":false,"showSkybox":false,"showFlares":true,"showImageEffects":true,"showParticleSystems":true},"in2DMode":false,"pivot":{"x":-0.2550163269042969,"y":0.253387451171875,"z":-1.2297496795654297},"rotation":{"x":-0.05428719520568848,"y":0.9158232808113098,"z":-0.3751799762248993,"w":-0.1325162947177887},"size":13.853336334228516,"orthographic":false}