{"cameraMode":{"drawMode":0,"name":"Shaded","section":"Shading Mode"},"sceneLighting":false,"audioPlay":false,"sceneViewState":{"showFog":true,"showMaterialUpdate":false,"showSkybox":false,"showFlares":true,"showImageEffects":true,"showParticleSystems":true},"in2DMode":false,"pivot":{"x":74.90328979492188,"y":-7.551898956298828,"z":-1.016164779663086},"rotation":{"x":0.5402855277061462,"y":0.016406575217843057,"z":-0.010536904446780682,"w":0.841256320476532},"size":23.66724395751953,"orthographic":false}