{"cameraMode":{"drawMode":0,"name":"Shaded","section":"Shading Mode"},"sceneLighting":false,"audioPlay":false,"sceneViewState":{"showFog":true,"showMaterialUpdate":false,"showSkybox":false,"showFlares":true,"showImageEffects":true,"showParticleSystems":true},"in2DMode":false,"pivot":{"x":0.3285139203071594,"y":-9.366235733032227,"z":2.1928088665008547},"rotation":{"x":0.6639905571937561,"y":-0.014581362716853619,"z":0.012952698394656182,"w":0.7474896311759949},"size":37.7719612121582,"orthographic":false}