{"cameraMode":{"drawMode":0,"name":"Shaded","section":"Shading Mode"},"sceneLighting":false,"audioPlay":false,"sceneViewState":{"showFog":true,"showMaterialUpdate":false,"showSkybox":false,"showFlares":true,"showImageEffects":true,"showParticleSystems":true},"in2DMode":false,"pivot":{"x":-0.2389444261789322,"y":0.013671875,"z":-9.389312744140625},"rotation":{"x":0.698570966720581,"y":-2.3608808241704084e-9,"z":-9.211456597491008e-10,"w":0.7155407071113586},"size":3.8242900371551515,"orthographic":true}