{"cameraMode":{"drawMode":0,"name":"Shaded","section":"Shading Mode"},"sceneLighting":false,"audioPlay":false,"sceneViewState":{"showFog":true,"showMaterialUpdate":false,"showSkybox":false,"showFlares":true,"showImageEffects":true,"showParticleSystems":true},"in2DMode":false,"pivot":{"x":-1.5163922309875489,"y":0.4270744323730469,"z":-1.057119369506836},"rotation":{"x":-0.11985554546117783,"y":0.875600278377533,"z":-0.2798125743865967,"w":-0.3750573694705963},"size":11.247673988342286,"orthographic":false}